floor,apt,price,rank,towerURL,meURL
297,18,2.9,8534,https://towerdao.com/297/18,https://magiceden.io/item-details/FjPg1Hj61NJsRFLfNPWhLRvhFqygY8aH61UxYRdH73xd
454,11,2.98,6207,https://towerdao.com/454/11,https://magiceden.io/item-details/FKhmvSm1wyTrzDFMA6Bf5nds9DT1VywymfiEk15bRipp
297,9,2.99,4648,https://towerdao.com/297/9,https://magiceden.io/item-details/9orH88ZmwEv7WmuPgjfVmUX2r4otkbBnrwoJWW9PoFzw
192,14,2.99,3596,https://towerdao.com/192/14,https://magiceden.io/item-details/CcxMr8gzcuUJogxJA3Li7gWVGmsJ4eEMDoJ7SrqWTaXp
352,17,3,9234,https://towerdao.com/352/17,https://magiceden.io/item-details/HFJZLVaJYPc8PbCaxqtPFRFPq12QwqsmG7YrgZAQFzk4
342,14,3,7911,https://towerdao.com/342/14,https://magiceden.io/item-details/BbG7R8QdUvM9vPVTv8nMqFDk1LMG2aA1ZrLjGsXs4tuG
125,17,3.1,6951,https://towerdao.com/125/17,https://magiceden.io/item-details/FquFq8jcqfc8wgvMMjUngQV2VArYPu4NXVzanJnPgYgB
321,20,3.1,4792,https://towerdao.com/321/20,https://magiceden.io/item-details/E3oFkPGdRdrmeA1uzhEdpAjHpvtbitvphzZFSHbfqVPG
139,6,3.15,9719,https://towerdao.com/139/6,https://magiceden.io/item-details/5vGpvjEbFm6YGthtdnEo8wjPDK1jyzyW33TCcBukDzKy
41,15,3.15,9015,https://towerdao.com/41/15,https://magiceden.io/item-details/AJfAynqYG6tkyF7qoQ67TjZJg7Sqq6RQWpCNTLWGh6E
30,4,3.19,4697,https://towerdao.com/30/4,https://magiceden.io/item-details/8HQPtemWxaFJUvBdvFsQoFHkGw1CBecazvPuFhkhrGDB
345,11,3.2,3754,https://towerdao.com/345/11,https://magiceden.io/item-details/AsCvg11EMNzy6DY5jNKXbJXwmhcKS4TrnAhB96ZabShb
468,5,3.269,9785,https://towerdao.com/468/5,https://magiceden.io/item-details/8X6rNAcKvS5cQvvP1FMb7173uk8agcgaabDEdqvjehdy
373,6,3.29,3951,https://towerdao.com/373/6,https://magiceden.io/item-details/8PSfBXZ1bpnAi2KrRt77cwTRUA99iVnC7BJ28K5GQYzA
196,6,3.3,4342,https://towerdao.com/196/6,https://magiceden.io/item-details/D1VbiDnE2DWL5VPjNqgmwKY3ueur2chKUmcWs9kj6UKL
277,13,3.39,3000,https://towerdao.com/277/13,https://magiceden.io/item-details/DP8quGFdP5ae1npWP7rqKS1DCz1eXofqNAYkSWrV3hyY
75,6,3.4,750,https://towerdao.com/75/6,https://magiceden.io/item-details/3Ykc9hxFyr64UZjpHAn4ipdMGiKwt6U3eYkv2JK3tC6c
379,16,3.4,3986,https://towerdao.com/379/16,https://magiceden.io/item-details/E1cZ2Q6LZ1pKEj7622aodFosGDdZQEPs8mZCRuDMuG75
137,17,3.5,7606,https://towerdao.com/137/17,https://magiceden.io/item-details/FsDyGEB2cvzxHzWFMBCRNf4mGyY4zzYgjhFauoW6zoTL
345,13,3.5,4406,https://towerdao.com/345/13,https://magiceden.io/item-details/GLuz2Dm4wonpaUySZcLcT79VoqWQ3eg1WT4rnKNjRgsr
95,7,3.5,3249,https://towerdao.com/95/7,https://magiceden.io/item-details/4yeWUEYCARzSZSEpQ6kKVjU77D4Z1nxpqjLscHAqSivR
384,1,3.5,9525,https://towerdao.com/384/1,https://magiceden.io/item-details/8LtF83KEoQMkdgiXXEYgY4CRiFeb1RSSuNCvP4wH8wJc
272,1,3.5,3329,https://towerdao.com/272/1,https://magiceden.io/item-details/9nGgP2j8SYWaeUj1KvKbLjMpgRFC1sDtD2TkMYHwQUxK
43,9,3.5,5750,https://towerdao.com/43/9,https://magiceden.io/item-details/9jAqhnKgCE6PuW6ndkpdGkwrmXfyUp9SoofythWKWUdm
38,5,3.5,1589,https://towerdao.com/38/5,https://magiceden.io/item-details/FcJYEoFt4yFBNa3zVUqU5u89Lc2xuecNs7xyZP9PB8oD
336,16,3.5,9512,https://towerdao.com/336/16,https://magiceden.io/item-details/8F9JbJiebca9oiFSMHVJvvzH9hLsjUF39qHPDvJimfeu
231,19,3.6,4152,https://towerdao.com/231/19,https://magiceden.io/item-details/HFMgASddF9rN4mhub6FFB3MVK1utwkYHRgWwJYc3ecUX
389,9,3.69696969,3542,https://towerdao.com/389/9,https://magiceden.io/item-details/4hucrr848mkUNWXiNKQiUEDJYYXK6uEWCaKkK3P2qzWN
443,8,3.88,1033,https://towerdao.com/443/8,https://magiceden.io/item-details/5GhRbDoeGAAHo4jTcvmdkYziYJ4f8qy21oJHiqTAhgRH
465,9,3.9,4540,https://towerdao.com/465/9,https://magiceden.io/item-details/YWzEviao6ZN7SjfaPvqmXkVN7CTonhiR1bbAJgQnAG4
418,1,3.9,2404,https://towerdao.com/418/1,https://magiceden.io/item-details/EX6HnSSTuG7dKrBo3zyxzfDqQuguuSE668xk49u6jaF4
36,13,3.9,9005,https://towerdao.com/36/13,https://magiceden.io/item-details/FjHu2aPuDi1AwAvHLCy9ZC5dmserWLE86KQkd52rhVMA
269,2,3.95,4013,https://towerdao.com/269/2,https://magiceden.io/item-details/FJZZaVQMGFt27zi4o5bESWMT8SFoduoiWUPoeKhXBWHz
293,3,3.95,2718,https://towerdao.com/293/3,https://magiceden.io/item-details/5eeFgLHqPWCkfuqB9Fq8pr7tf4ESGo1XbmkEKQeQT1Gi
70,7,3.99,3941,https://towerdao.com/70/7,https://magiceden.io/item-details/HhiGr4UvJp39LSSqMGbvny7RMsqVNA9Z98qqPE5WQF2x
474,1,4,4095,https://towerdao.com/474/1,https://magiceden.io/item-details/BnAHsKdzdf6rcKxLVsSXrgacw3XdYu5AmVABWaGW4XVb
463,3,4,8119,https://towerdao.com/463/3,https://magiceden.io/item-details/GZ6NAtWRTxqA1eodDDJXbJdS4ezhGLz4Hqmz5Rh9u5Qb
79,14,4,7125,https://towerdao.com/79/14,https://magiceden.io/item-details/AFmEggNkfFCezovV5zFcGzMRiRPeozhddvpPswcGb2S
332,4,4,6427,https://towerdao.com/332/4,https://magiceden.io/item-details/567MsdFJ59Nq24d5hqgPiwBVKnrx2S1xTX5v1HHRo1j4
433,19,4,8564,https://towerdao.com/433/19,https://magiceden.io/item-details/4UiXZpgD8t5FDjEiDxJnvW6ZFoCncbextnna5ZeAVgmm
422,2,4,1706,https://towerdao.com/422/2,https://magiceden.io/item-details/5aTrCyfntbwHUX3WiVqJiQTAv4n9e7X5n9xYqDVjWGvd
294,1,4,4751,https://towerdao.com/294/1,https://magiceden.io/item-details/AEULr8bhM4kQigTxUg1DABnJM4H5mSqNd15gquCYDxLq
263,1,4,8140,https://towerdao.com/263/1,https://magiceden.io/item-details/BWmwAhMWJ9yu1CQuUcfNuQVFVxJcPXRm58HxuUjesNbv
473,2,4.099999999,2685,https://towerdao.com/473/2,https://magiceden.io/item-details/8ne9r6CwdLtsYhVrnvqNwqK2WJDva8DtH5n8DUz5W8ek
291,19,4.12,5323,https://towerdao.com/291/19,https://magiceden.io/item-details/Drp8fazu3T7Dauba765sci6TQVrpvMX9Thv2n5kNMqiA
119,19,4.19,9130,https://towerdao.com/119/19,https://magiceden.io/item-details/DxkLDTbJLdkadHe8edYiTzM1osfhS2ZYCdxb8UUBBwcG
218,16,4.2,4716,https://towerdao.com/218/16,https://magiceden.io/item-details/DbQQkW8H2p7KxZ52zBSdPBTwbR8DaSTKz5aDVV1mr9im
74,5,4.2,9539,https://towerdao.com/74/5,https://magiceden.io/item-details/EDrDbgBBpRm91oNu2Bu5mwZY3DbquKMKY7b2h36K2zgf
102,11,4.2,1872,https://towerdao.com/102/11,https://magiceden.io/item-details/F3ddG3HtXaitVkCS5NvG8yFwsDgq3JtUJoQGyphSWaT1
264,1,4.389,8631,https://towerdao.com/264/1,https://magiceden.io/item-details/CpgW2M8hM5R1VJknLpP1Vo6f7PdEUMa5zbp3cY8NNCXM
143,5,4.44,1889,https://towerdao.com/143/5,https://magiceden.io/item-details/7fwMtEphAcL4sxyNXNMVqPJ7R8iy8EcvWCvs4EisnqNr
98,1,4.45,6425,https://towerdao.com/98/1,https://magiceden.io/item-details/FsMeUGqjNtc7ybW8HtEVo42hkKFEkGVWHi5hqz8tYDsp
29,7,4.5,1692,https://towerdao.com/29/7,https://magiceden.io/item-details/EZxrSwXJ6Ak4ouQNR4wDF9GyrofVQqR1QYeNoSvM8yVc
63,20,4.5,3209,https://towerdao.com/63/20,https://magiceden.io/item-details/8BAY4QBKMpXU7WbmaHTdu6T6FCdpCDUCyyeSUPQPYr6p
328,20,4.6,8655,https://towerdao.com/328/20,https://magiceden.io/item-details/6qjFBcSC1BzAT9P9zjPSwFWNhv4wEjqBFo2yx65fBGga
139,9,4.69,5808,https://towerdao.com/139/9,https://magiceden.io/item-details/HmzYp2h8qMdKKLAQKghpk4p5RE9VWd6QjLYsYejXDz8Z
137,14,4.7,2098,https://towerdao.com/137/14,https://magiceden.io/item-details/JBJ8iFUPNBrwEorZokUyiv1WBUhM9JQ97p7GZ71AGgxJ
139,14,4.79,5528,https://towerdao.com/139/14,https://magiceden.io/item-details/7WUvGNwT8H7B8XYZxPNMV788437WpX8VqJrpPsCDFE3R
457,6,4.8,1376,https://towerdao.com/457/6,https://magiceden.io/item-details/81YL7bjaw3VEthaczFWvBpuzgsDhcb3GYuZq6rxDnvbr
480,19,4.8,1424,https://towerdao.com/480/19,https://magiceden.io/item-details/FeSf4nSN16u9RgGVetSzLGvwQCqCBWdcyDLyLehTBm7T
162,12,4.84,7542,https://towerdao.com/162/12,https://magiceden.io/item-details/3frjKVEqYjo9SwdZ14oR9D99AyptzXyVhQS5kd3DCZfp
183,15,4.85,5645,https://towerdao.com/183/15,https://magiceden.io/item-details/21cFtaNPQcwFwq2ibJBZTuxjGRK6aBAcRQrxVzLbsncm
103,4,4.89,8392,https://towerdao.com/103/4,https://magiceden.io/item-details/27KrQywmUFhuJob7HpPuN2pPPb5UZpBWkXAtq4sTfxka
427,15,4.9,1396,https://towerdao.com/427/15,https://magiceden.io/item-details/Dhxs83CZVnbFfpoKAgztsP2AnJ1cb6tDgudKHPkFDR2Q
28,4,4.9,1229,https://towerdao.com/28/4,https://magiceden.io/item-details/BJBogjx11hMRiKJJxL189pqChazjqjU5N6qvnYdtyTcA
280,4,4.9,2766,https://towerdao.com/280/4,https://magiceden.io/item-details/3dy1Lk2ncvw7Cg1cQnGqkfLovTfQwvG3rPuvywHG13je
70,16,4.95,4928,https://towerdao.com/70/16,https://magiceden.io/item-details/CKyhjpb85JhqJVarhzD7D3NAhEsTWEQSPAtBxAq8oN7k
384,17,4.98,479,https://towerdao.com/384/17,https://magiceden.io/item-details/Er7Z13xS5uokg2kX4ecTSPPcWFySNbqmhqCCk5CaLroz
119,15,4.98,2619,https://towerdao.com/119/15,https://magiceden.io/item-details/4WFm4GCGE5CiwPZRjsCKPSmFKHbDaYm7tA6WkQKbUz6y
153,17,4.99,3590,https://towerdao.com/153/17,https://magiceden.io/item-details/2xaJ2bghJxxe6bZYyhiprNXoswWfun2HKjUE61SapDaC
151,14,4.99,7319,https://towerdao.com/151/14,https://magiceden.io/item-details/Fm8BMX3U5Hv1QuixscjMwN7SnqHpeScHvVyNnbps4jUi
66,10,4.99,3720,https://towerdao.com/66/10,https://magiceden.io/item-details/Gnm3KJf6EGtWuqTz6ifzny5pmcbjWrQSRy3pNZjsUDP5
249,1,4.99,9242,https://towerdao.com/249/1,https://magiceden.io/item-details/DCr7hgwimG2wH2q9SQBqMELmhFqnyQjLp1vLd6ekqxLu
454,15,4.99,7993,https://towerdao.com/454/15,https://magiceden.io/item-details/AWcup2ynDa52zsUoGHAQ6WDZsBCG3ZeUiE6svNcAspiq
452,8,4.99,3393,https://towerdao.com/452/8,https://magiceden.io/item-details/3Q7B1nVV8NQPp4Lb99yCizqPUUgJ1suqJgyid3QgbcH7
294,14,4.99,2611,https://towerdao.com/294/14,https://magiceden.io/item-details/6zjDX4i1XPRd1mLaSt7WKnuYe7xWUc7fRqFXW5ixEZVR
180,16,4.99,5332,https://towerdao.com/180/16,https://magiceden.io/item-details/D6ZbFYh5AjwPMn6kjFcHHJpEGnUpHZFGJjjtzJ3NpgTR
361,12,4.99,4474,https://towerdao.com/361/12,https://magiceden.io/item-details/7446Crp33jwXoK21Bx5iwVszst8u5LhU9f4J4TiAsTfP
42,3,4.99,7855,https://towerdao.com/42/3,https://magiceden.io/item-details/BfeVWR4bMxRdhGvKbyM6JmRbaidqyPff6stVMxUTyYsk
435,1,5,4138,https://towerdao.com/435/1,https://magiceden.io/item-details/J1ybnERQMSVzoiS9BrsxugD7vNb9S9WkRZu951HnSHVu
251,20,5,6402,https://towerdao.com/251/20,https://magiceden.io/item-details/2kL6QmCU53FfXbQb8XJ92zoRWDDHTM31K7s8WNceHJtC
345,14,5,473,https://towerdao.com/345/14,https://magiceden.io/item-details/6goVDBNJGUx1xEAjNHXgEnBhPDw6d97Da1RB3pQGYh2R
399,18,5,5362,https://towerdao.com/399/18,https://magiceden.io/item-details/Xe2jA4gRAack64NxkixV2wDKsjjCHqU7xUrUREt9hvw
96,17,5,1248,https://towerdao.com/96/17,https://magiceden.io/item-details/7dKmkykCUGq8p63zWP1f7zvD7EK7QkypUcWX2daW27dd
161,18,5,948,https://towerdao.com/161/18,https://magiceden.io/item-details/5w5bkbkn6qHf3i5sXR4QPLmvoHt4AzTE6kD3iGkYRteQ
225,15,5,6591,https://towerdao.com/225/15,https://magiceden.io/item-details/GU4VTvjgK5nneNSPLyqNGeAJiMxjcEwGYGag4hSPmFFc
297,3,5,4613,https://towerdao.com/297/3,https://magiceden.io/item-details/RfJsLFbmMDgufCBQED4YuicyNVrVh1eXoJKxjCgFMEF
329,5,5,1343,https://towerdao.com/329/5,https://magiceden.io/item-details/8KfprAh1B9ThqR3fbz5RtJmud1a9efLJoRGXpqvGgDQP
470,15,5,1898,https://towerdao.com/470/15,https://magiceden.io/item-details/3apc92KFBmRJ3Qk4Uiyf38PQ3ahpy4jmEw59N9nLqNhQ
465,7,5,967,https://towerdao.com/465/7,https://magiceden.io/item-details/6FBFySeJYKNcnjtvf2pSaXDsxpDebosoDbum5WMLg6ni
317,3,5,9181,https://towerdao.com/317/3,https://magiceden.io/item-details/AHkbU3zEQDzjrKJrhiWE7zj8Sd7Z9opoJmTE1SNaxKBa
398,9,5,2695,https://towerdao.com/398/9,https://magiceden.io/item-details/E1QmhpcEtZuL3y3RZ7dHHzCNsed7WQSGyivqP2tzruzj
35,14,5,3911,https://towerdao.com/35/14,https://magiceden.io/item-details/CezmUjTEvwxU9M34hWbL88HXr6fg9uEToWoH7PCbymBF
431,18,5,2379,https://towerdao.com/431/18,https://magiceden.io/item-details/HSh4js2ubhLAhAygZLF3Mx3Y2TAXcLv9VXjPyMroprqi
255,14,5,2199,https://towerdao.com/255/14,https://magiceden.io/item-details/TaiRC8yDjWzgXYi7z5ULPseCjAVW8PuEGWrXzcKFdmU
364,2,5,8911,https://towerdao.com/364/2,https://magiceden.io/item-details/D1TYcdLENahvUNdhgKnN2Z9GDyYYQHX1wZYmXgJtHAzm
317,15,5,8309,https://towerdao.com/317/15,https://magiceden.io/item-details/D3Fe2MbVaL9NogRQ6nEBtqv4mSSkbk4s45Wjwo9Yda1v
77,1,5.2,1468,https://towerdao.com/77/1,https://magiceden.io/item-details/AWE6gC8FY9ph3wFLfPJWHG6xWtqofmyArp9KewDmYFTn
353,1,5.35,6610,https://towerdao.com/353/1,https://magiceden.io/item-details/4cJLt8Dtkt6SqabohGSditr8Lbk7rv2Kzj8wYn4q9RML
444,8,5.49,8978,https://towerdao.com/444/8,https://magiceden.io/item-details/E4BpSTpupPQWEfphfKS89Wp1d3qeqtRBqkXpQvSiGCUc
453,14,5.49,9565,https://towerdao.com/453/14,https://magiceden.io/item-details/E9jRbhcdkTYNYJormm6eNtdsbcvcZRPsAw4Au17VkFHb
61,4,5.5,885,https://towerdao.com/61/4,https://magiceden.io/item-details/4Dc9NSP5ipfcreuSPBpkAX7axRJTj1f5DEPxGueqhU1q
241,7,5.5,6865,https://towerdao.com/241/7,https://magiceden.io/item-details/jQANLP2psDtVrGCCRn9ykQypzTzsxtW8dLidUN9JoZd
11,16,5.5,1467,https://towerdao.com/11/16,https://magiceden.io/item-details/Cckbgw24B2Dpv7gFFqgdRpxvD9SExQMJEwsmt44Bj57t
335,4,5.5,8364,https://towerdao.com/335/4,https://magiceden.io/item-details/5aKb8oWvWrfygLTSemDk51KRfcZyX2L6JPLGBB1AXLe9
264,8,5.55,2323,https://towerdao.com/264/8,https://magiceden.io/item-details/ACpyzkKiBANDe2yPXydR2TXnW2aGhHFHFTokwkREXegt
74,9,5.5555555,5289,https://towerdao.com/74/9,https://magiceden.io/item-details/7eKm6t4bA5NucJDWjdNdRyoZ2ZoDCXZU1Vj1Eew3pAcM
483,10,5.69,7714,https://towerdao.com/483/10,https://magiceden.io/item-details/8PzVUynp9mekVLYyzVfiJZLXYqwZG4XhgRnjh8mz2EGk
264,12,5.69,6824,https://towerdao.com/264/12,https://magiceden.io/item-details/Ba6C6JDmyK4t8wqFk7JrBsPiCW2bqEkrP6QxmyR766mc
56,13,5.6942,1197,https://towerdao.com/56/13,https://magiceden.io/item-details/DT8Z23MZ1ySEcYeGDnLG7HsfHcuNkRBuwnsYzsmgQNjb
478,15,5.75,2943,https://towerdao.com/478/15,https://magiceden.io/item-details/CVasSse87J5CnbrTpdQTc1mSpLstTxKeM76P5q3jm2Kn
22,2,5.8,9599,https://towerdao.com/22/2,https://magiceden.io/item-details/5G6rjBiut25pAk5MxbD1XXtRTY3xh9PiVVQtSMmj8hLy
311,16,5.9,6693,https://towerdao.com/311/16,https://magiceden.io/item-details/GkgQKF6EQW8oYs97PvKPttH4PG5EobF77YV2pyw4xsvK
180,5,5.99,9660,https://towerdao.com/180/5,https://magiceden.io/item-details/BSbuEgeWrkPAD6L7zjHAermKHAjpHmnVjJxyFuc5E7nr
54,17,5.99,2329,https://towerdao.com/54/17,https://magiceden.io/item-details/E6UbMqQsJh2DTMbf6D6wpTtN1PgMSLKoMkSWGfptQaDJ
442,8,6,2415,https://towerdao.com/442/8,https://magiceden.io/item-details/7PLTshhi8Z2rqxEGEewf2yG72g6VSc9L8R6LxwLE18pC
366,12,6,7483,https://towerdao.com/366/12,https://magiceden.io/item-details/Bi5GZLFkYupocZxbSMoczck8hN6s1xBS9TBqM7jPTuXT
11,14,6,5581,https://towerdao.com/11/14,https://magiceden.io/item-details/4E7e84vtJXPArucZjQoQiQMt2rFS7gVHR4SZecVGom55
360,13,6,1778,https://towerdao.com/360/13,https://magiceden.io/item-details/HNKYuzMuW66CRMhzQW34hAxiEnf1ZW5Cv8eT8ao7SDbU
68,14,6,3010,https://towerdao.com/68/14,https://magiceden.io/item-details/4jrCjeGHrY3mKU4y1U3tGz71fk2aMV43Sq9oKXgXWGxn
449,11,6.29,1345,https://towerdao.com/449/11,https://magiceden.io/item-details/F1hF63ShSNK9TrtbfKcnwVjp2ZANbfLMbVo7YqgBaaGF
285,15,6.4,4276,https://towerdao.com/285/15,https://magiceden.io/item-details/69oFouoPoKroTALFabH4LhyVV6a6socrLVdFeytAPMCq
157,4,6.4,2615,https://towerdao.com/157/4,https://magiceden.io/item-details/Exsxwr4HEpxfZqyuQPRPTRdvZwTtYjdcfzQqCxqs1NTD
310,8,6.5,8871,https://towerdao.com/310/8,https://magiceden.io/item-details/AJjiG6ML1J2jBpo2xN9FJZJUxYqFADR26bEwuVVuCKnV
334,7,6.5,1454,https://towerdao.com/334/7,https://magiceden.io/item-details/BKd8TYCqawk73NqbrVy4JE2QfVAG58ikHd1yWsQhFDyr
485,19,6.5,5804,https://towerdao.com/485/19,https://magiceden.io/item-details/6ygGEAbuV6eDp1dpT3a8BiaCZQwZisc6Crk9rErXXvaS
202,15,6.6,2193,https://towerdao.com/202/15,https://magiceden.io/item-details/9YPQ55K9H8UM1PiURj22sF7E14X93T9hx7USFKQAZw2N
465,8,6.69,5210,https://towerdao.com/465/8,https://magiceden.io/item-details/GkAAuzNUhqDCPFwcurYoZemvoXvNNhUDCfyJuquc6LiC
328,10,6.8,2762,https://towerdao.com/328/10,https://magiceden.io/item-details/14ENQNT82eigMjYoMhcNZ9h3ehYHkdryn4sMZoNpXrb2
315,5,6.8,7934,https://towerdao.com/315/5,https://magiceden.io/item-details/oBKkY4eZ92QJeWPr4uUN2Hh95jvsvRPWxKr2Z8XGkxh
194,14,6.9,2502,https://towerdao.com/194/14,https://magiceden.io/item-details/DAJ9GsbuzShcNTaRG3EHS5Zry4SW9S2VyeSv32awrkit
137,20,6.9,6008,https://towerdao.com/137/20,https://magiceden.io/item-details/5g8GfGra18MpjzSbtmTyURssEa8SUpf7pdZeYB9GzvuD
355,4,6.9,8117,https://towerdao.com/355/4,https://magiceden.io/item-details/7AcXWA5jFcXWNZUzPJMZEPVQhmt6kAUzSL6gTrcKoiPV
27,18,6.9,6245,https://towerdao.com/27/18,https://magiceden.io/item-details/BzHg1EoJ4zCQVu5WGPgs8NyKVdHiqNNUuuje8M4zgBYk
179,5,6.9,411,https://towerdao.com/179/5,https://magiceden.io/item-details/BupKhZXkxDW3hEjcrDnqcy3mN67ZUjFkYfEF9wGL5ev
22,17,6.942,255,https://towerdao.com/22/17,https://magiceden.io/item-details/HAdjKSEos1PtPRrq7QA6CTUHB5LsburLLHDc8kUXWFot
161,9,6.969,6553,https://towerdao.com/161/9,https://magiceden.io/item-details/Uhj4xaVHNjqaAcTWQ4KeS3LrXVDR2DMGS11YjriF1LX
122,14,6.999999999,6534,https://towerdao.com/122/14,https://magiceden.io/item-details/J2cgaVSe1Gfuva8RKCJoPVBRtGBo83oH3D5NJyDoWoPn
136,15,7,8651,https://towerdao.com/136/15,https://magiceden.io/item-details/ExVV6ekARcsjLL31GkRvJ51nhAcXabxBQbL93LxJFJ8y
394,7,7,7614,https://towerdao.com/394/7,https://magiceden.io/item-details/AjZonkhfHEBXrCR1YLQfB5xwSZKiqkVv5x7nzRgucS6F
290,19,7,6347,https://towerdao.com/290/19,https://magiceden.io/item-details/8qzKPt8Ax8XqgrmrGhgSdXvuoM7MwhnMpvoo92vV9HFJ
232,6,7.42069,4353,https://towerdao.com/232/6,https://magiceden.io/item-details/4ceW99Rjm2JeEh6mCFSm3XbWqkaBnfHQUtJ77591W4T7
54,20,7.5,865,https://towerdao.com/54/20,https://magiceden.io/item-details/8KNZzUNPVWgw43YLQ1FtgJ6WzoTu67Xv1Zv18CVgYLVf
140,4,7.5,1287,https://towerdao.com/140/4,https://magiceden.io/item-details/aSmQv3LbkKoPk6FzgpkApUTkuCvTJY1moMTzw62hDqj
335,14,7.5,3299,https://towerdao.com/335/14,https://magiceden.io/item-details/6kSReW7oA6nmEbqb9Advrf7zjZiyBaGJrsjxkYnXKpC8
256,17,7.5,4878,https://towerdao.com/256/17,https://magiceden.io/item-details/2kNJ1XShn1TWBdPmf5SLPfpVLDAbTckHCXNHFnu41ywU
449,18,7.77,4369,https://towerdao.com/449/18,https://magiceden.io/item-details/7WjP1y69zrKxKuua8LT58VSE4vjzWKmPSCFzqMgZsgvN
6,5,8,7219,https://towerdao.com/6/5,https://magiceden.io/item-details/Da3WC2bhJUYJWFVHv198H7AddjeftuTRmpYHbYxyAhST
136,13,8,6692,https://towerdao.com/136/13,https://magiceden.io/item-details/AS6nrtd8dZMbBJ4sNnYwGYSuqtpjaNrRdTy925gigiP6
146,11,8,9884,https://towerdao.com/146/11,https://magiceden.io/item-details/2Gk652NBQK6qooVeNre1kED5i4PpGUE9pgWC6BSt4omn
286,18,8,1058,https://towerdao.com/286/18,https://magiceden.io/item-details/7V3ZPrQ43r1nxZcbykmfbcGtjZxnP2JGZagWoeywjv22
213,20,8,7994,https://towerdao.com/213/20,https://magiceden.io/item-details/HYzMC6KH7d87mhB8qFWG9DyaD2iorAdox7sxauTctAcT
24,1,9,8286,https://towerdao.com/24/1,https://magiceden.io/item-details/Cwuck5kokr3omjfgfL5krz6DrSe3kPd226yv3Y2JYchX
68,16,9,2643,https://towerdao.com/68/16,https://magiceden.io/item-details/BVVB83ikPXeUg2XB7pL44o5ghDpGySs59ZHWQR8U7Si6
443,7,9,694,https://towerdao.com/443/7,https://magiceden.io/item-details/UjY6dGCxKhKqMrHGCfkGYY2mwcVHafEhmKwGdvrvEFW
163,15,9,1575,https://towerdao.com/163/15,https://magiceden.io/item-details/2xtgtQMUpaeq3fv3uPmC26mjNEX91v2YEfNU4vduXWEN
141,2,9.42069,9731,https://towerdao.com/141/2,https://magiceden.io/item-details/GUbEovQW1tSMFaegHanRVg6vbQ9g2P5KagiZmFigEBfi
279,5,9.5,7526,https://towerdao.com/279/5,https://magiceden.io/item-details/8Mkq9jbqsftnRVVvbGRVZ8wFVubWEXLq1X1qR8YqYnyB
129,4,9.5,7362,https://towerdao.com/129/4,https://magiceden.io/item-details/GKe8tSy6WE1dvP28ge1Mbbjcwv2Zs9buRfYzYrBbuHZa
186,15,9.75,811,https://towerdao.com/186/15,https://magiceden.io/item-details/Bg4Z1zq1ixP66d3y4uTVaEW5upXrdwXiTtnMwXJb8rh3
51,16,9.99,3006,https://towerdao.com/51/16,https://magiceden.io/item-details/9zUnyuhdjmrE9yLjFZXagZhm7D9Qan3A7JmNai9EL1KC
142,8,9.99,1359,https://towerdao.com/142/8,https://magiceden.io/item-details/7CwgSeeAvdYEhgFUV7rMiqF8DNySTFxc77FLnbmwj4Vw
81,4,10,7089,https://towerdao.com/81/4,https://magiceden.io/item-details/3Xdgvsau1w9ChbBzhSaCKw16RWdSFKbjpDxnER6YJViQ
19,11,10,2033,https://towerdao.com/19/11,https://magiceden.io/item-details/GYwRfAoQexyTbqRkz5ajX98twGv32iw6HgWhS9DhCq5P
205,13,10,6472,https://towerdao.com/205/13,https://magiceden.io/item-details/GjtvSFXp6ARfwLQR1Ma11zNFony39XjFFB4roTpMoAh3
198,6,10,5178,https://towerdao.com/198/6,https://magiceden.io/item-details/APLWcdJNPByPdT1Mmx98HoNMPwp5EwcKSax1Dt6zVdu1
121,19,10,6822,https://towerdao.com/121/19,https://magiceden.io/item-details/2RBqq5iM8JDb6HjzJMACU9aEgBKgFNqR3xQMSa6RdYdt
195,6,10.1,8688,https://towerdao.com/195/6,https://magiceden.io/item-details/Ezfq9qRuNb9RFVnDUkYWKkSiUc8iDkfNpvUjxiCWHhZZ
421,7,11,6169,https://towerdao.com/421/7,https://magiceden.io/item-details/2GtPwrZJNswiUzYivspKedyYkoyF8Jjd2nrXaJuw7Z8t
231,16,11,234,https://towerdao.com/231/16,https://magiceden.io/item-details/9MZX1ZtWsFNAk9AT7LEjwLamqqHLLuhc6YnJx93TxJpm
344,12,11,5956,https://towerdao.com/344/12,https://magiceden.io/item-details/7RqgisHSB7pMSJRqrqSrBWkJo2VzhLWWQes1mE3oFKTu
405,1,12,8673,https://towerdao.com/405/1,https://magiceden.io/item-details/4VXV6Gb21zKM6WXig4Q9uphN99FPVFnTTtfMkrSLKHBm
48,3,12,1727,https://towerdao.com/48/3,https://magiceden.io/item-details/F1Ba2A1vwB4WrrkUqkyXFPMfZryqTzbXJPXNzUZf8mEs
319,12,12,9194,https://towerdao.com/319/12,https://magiceden.io/item-details/GMfHVoxJ4rgko742V16k7CHiV6qLqyM9ySDvDsVXRNFy
419,9,12,7784,https://towerdao.com/419/9,https://magiceden.io/item-details/HcQ91rbo44nZdED2v9cbJWscbotLwLTn7M9qqSkLg7vN
55,6,12,2100,https://towerdao.com/55/6,https://magiceden.io/item-details/HeQfTKHewsAJKeHsrS8ijF888BrnRG2JJyRSNitukQTo
496,16,12,6943,https://towerdao.com/496/16,https://magiceden.io/item-details/6X7cABoFe7MkmBB8R4QDm4aWezHGaz3Na6zBy8SAWwwt
78,19,12,6592,https://towerdao.com/78/19,https://magiceden.io/item-details/5ytaow6GqS5gZaepgYhHrKvuejBUXGVTA4piUSYGxoTs
40,2,12,1141,https://towerdao.com/40/2,https://magiceden.io/item-details/isQdyiGMsq5Txog5DUYE9b4n76f9Z42DgztjXLJFF3j
357,12,12,3581,https://towerdao.com/357/12,https://magiceden.io/item-details/93YMWfa4JjsUJqr1jW2sSY1sjbn2j37ssFjE3YkxEbWL
17,16,12,572,https://towerdao.com/17/16,https://magiceden.io/item-details/93usm6qTwUmLfns37EGktjsyinjk9G1yNXhKbkgvGYKc
3,12,12.34,7122,https://towerdao.com/3/12,https://magiceden.io/item-details/95uCXpxRmNiwjBk57zSrcVMqKMMPQXxQzyXPg95snC98
319,1,13.69,592,https://towerdao.com/319/1,https://magiceden.io/item-details/cohSTAMiWFrSnfg5uY7UxfzpP7eirY61E887p7ATpvT
362,17,13.9,3475,https://towerdao.com/362/17,https://magiceden.io/item-details/Gy3YCEAJXZgtvLLiNsLut5dxZVKSq2qddVJ8EFgnZfYE
135,17,15,9683,https://towerdao.com/135/17,https://magiceden.io/item-details/BPrTsjkdrZirSNPBJY3Jh75NqafabSDzsJrA6jhnzbyN
261,1,15,4605,https://towerdao.com/261/1,https://magiceden.io/item-details/GqpN1PT8b1dnCRBRMZ3HXM7qsbeudwYvV7UKGyf7BXz5
261,5,15,7017,https://towerdao.com/261/5,https://magiceden.io/item-details/EPgtpeb3XDfsfZt9q9AfcE1rcogoJtjVpg1MJQLMArka
408,7,15,3356,https://towerdao.com/408/7,https://magiceden.io/item-details/6uDDnVwmHGbygPnQKr8gLJpv34tt8Dj1WnHzvvbP73Ze
353,3,15,9456,https://towerdao.com/353/3,https://magiceden.io/item-details/EMTnTbHWnaxMmmMHzV3PkTndrX1upGsRDq41exSPvVfF
156,6,15,5048,https://towerdao.com/156/6,https://magiceden.io/item-details/42a7FF23Hp8WExfqzyN9DHhJr8GbFXWNUxxyLa4jSPHj
117,4,18,3328,https://towerdao.com/117/4,https://magiceden.io/item-details/Fq39H7Um1aRUa1SWVSCtwNkRxTSKqRoC4D3CDDCBjEsY
439,6,18,1132,https://towerdao.com/439/6,https://magiceden.io/item-details/3sKQ8DTgfUnxzsTSJfTfkWTWRWd8rJCwadeLJf1dwY16
454,5,18,7066,https://towerdao.com/454/5,https://magiceden.io/item-details/BNv78m1WD71AAtqd9HodaWNMp4cFveosew8bvAmKGAVi
299,12,19,661,https://towerdao.com/299/12,https://magiceden.io/item-details/E6V4uETdZFzqzNaYsYaUUgjGS6mzSoHc4ebKXHYt1MAy
154,10,19,5405,https://towerdao.com/154/10,https://magiceden.io/item-details/HbUuPJEGuCCKWWcoh3XnE1sj4YjvCNkiRCWwZWeoPLWv
69,18,20,5499,https://towerdao.com/69/18,https://magiceden.io/item-details/3GxraB5dkf4MZjD848RcK38o8bYYs2SPqNWpoATqJPLQ
133,15,20,8991,https://towerdao.com/133/15,https://magiceden.io/item-details/H1StakCquN78t8MVubcdexF2Yak4jbcm9M6BvVM2dWUT
436,12,20,176,https://towerdao.com/436/12,https://magiceden.io/item-details/31kZvGMjF2jpcNHkDiY4ks2eGafyAQDzZQcGZAqPUZzQ
179,2,20.42,492,https://towerdao.com/179/2,https://magiceden.io/item-details/5hy8YZLPqUn47LxYQ4JavK9NA9YF1QehhB2sNrZaW7jG
475,9,21,3122,https://towerdao.com/475/9,https://magiceden.io/item-details/2FBT8uoErpioNjtkGMJY2wybgUjt2wBK1i3mV24YKR9i
27,8,22,7335,https://towerdao.com/27/8,https://magiceden.io/item-details/DEvrdccb1225SNetjBVkFBDGj2yEXpmKghxXWDejub8h
73,10,23,766,https://towerdao.com/73/10,https://magiceden.io/item-details/8yFjhaF7Qoig3Cw5CR1cBYRusyT76Xi5ndsGdWYiXB4o
113,15,25,1111,https://towerdao.com/113/15,https://magiceden.io/item-details/6pbx6oW9QiZcXqF7B66uxquP7LPNvduWyLQQhKbUVvch
392,8,29,3359,https://towerdao.com/392/8,https://magiceden.io/item-details/GkmeqCTNKpSh3d9sMJCPTPrtijTDRQxKjgU84E6iZvSZ
212,4,30,8022,https://towerdao.com/212/4,https://magiceden.io/item-details/98qtYWtUnPnddJRr8uvbFxxkkxyNTWyJr7J1rmvMKjnz
172,10,30,7278,https://towerdao.com/172/10,https://magiceden.io/item-details/GX6b49i1yU6opapfa5odLsWk95ZQMokAcxBDZTcnHM4z
212,12,35,130,https://towerdao.com/212/12,https://magiceden.io/item-details/vKp4A51WQfLSJH1Xknx7WjqagdEAsQQSePhusJhHZjz
169,6,40,1762,https://towerdao.com/169/6,https://magiceden.io/item-details/98UghKjiNLaLDmb4GmqJDsKC5PEa47YW3VvFDXpP7prw
455,3,50,5705,https://towerdao.com/455/3,https://magiceden.io/item-details/Df5DrEL6izK9qKcqvy1xnHJzzeeE9vBSspGUQ6QKoJrB
5,3,50,1320,https://towerdao.com/5/3,https://magiceden.io/item-details/CmiWRJSFRVC1LYSNHjc7NanYMHnq7iUPYM3u3KNrPSHz
122,17,50,8642,https://towerdao.com/122/17,https://magiceden.io/item-details/2WwKknUoLg2vE5Mbwh58VDQxnCWp4BacTf9vJgkTWk4b
165,12,50,6153,https://towerdao.com/165/12,https://magiceden.io/item-details/AZ2KTUbMeioP8yLrVMxBjqZ7mUhvX6uJEro7HcErcwQX
497,4,55,3526,https://towerdao.com/497/4,https://magiceden.io/item-details/ByRPjxui4nAwis4Kj9TseGiqxPRsSKijassQWC3RpLpJ
84,11,84,2833,https://towerdao.com/84/11,https://magiceden.io/item-details/5moKTPjaQK6gCU9pmsdG6odWVZMvEdLHyKajPkeBFjzf
428,18,88,971,https://towerdao.com/428/18,https://magiceden.io/item-details/6ENAEF6nJon5sv8finDRNbUcWjwPsVzHi9KEjvnqoCK
42,13,88,3002,https://towerdao.com/42/13,https://magiceden.io/item-details/Cg54xChX7FF4Tktmm68hMcvjR2bZduScMwpwabZYeWbG
462,16,99,6704,https://towerdao.com/462/16,https://magiceden.io/item-details/GvNVEyfh1CoPsLa3XRmsAZjSBn8zv7T3jyxUJCLSYnAX
180,4,99,94,https://towerdao.com/180/4,https://magiceden.io/item-details/4ZpixXWQLrum5ZfbtjkeiJvQWMBid5T7fHA47qhquWKK
323,7,175,7723,https://towerdao.com/323/7,https://magiceden.io/item-details/BHFe9NiUcfTy6G6CQnCQFRdfGx3nNPRjGwcyxath8LvK
395,5,420.69,4520,https://towerdao.com/395/5,https://magiceden.io/item-details/3R1QVknHW8sUhKazbNBxibmczhsue1URnzmEbw8Zd8JB
